generation,best_fitness,brain_nodes,brain_connections
1,0.3114367,37,0
2,0.40558356,37,0
3,0.40558356,37,0
4,0.40558356,37,0
5,0.42410168,37,0
6,2.5081332,37,1
7,2.5496237,37,1
8,2.6080704,37,1
9,2.7265797,37,2
10,2.7265797,37,2
11,2.762521,37,2
12,2.9516358,37,2
13,2.9516358,37,2
14,3.0030432,37,3
15,3.126951,37,3
16,3.1759446,37,2
17,3.2187772,37,2
18,3.2187772,37,2
19,3.3802562,37,2
20,3.4078462,37,2
21,3.4163384,37,5
22,3.4338531,37,3
23,3.7550943,37,2
24,4.1014943,37,2
25,5.127139,37,1
26,6.160367,37,1
27,7.569498,47,3
28,8.327515,37,3
29,13.54713,47,3
30,13.54713,47,3
31,13.54713,47,3
32,13.54713,47,3
33,14.127476,37,2
34,14.561744,37,2
35,16.262,47,3
36,17.690378,37,3
37,19.954191,37,4
38,20.268085,37,5
39,22.32317,37,4
40,23.98021,37,4
41,23.98021,37,4
42,24.00434,37,4
43,25.008625,37,3
44,25.44835,37,4
45,28.574606,37,4
46,28.725384,37,5
47,29.299017,38,6
48,29.299017,38,6
49,30.916723,37,5
50,32.39498,37,5
51,32.39498,37,5
52,33.46174,39,7
53,37.774124,37,5
54,37.774124,37,5
55,37.774124,37,5
56,37.774124,37,5
57,37.774124,37,5
58,37.774124,37,5
59,40.077106,37,5
60,40.077106,37,5
61,40.077106,37,5
62,40.077106,37,5
63,40.077106,37,5
64,40.63069,37,5
65,40.63069,37,5
66,41.520363,37,5
67,42.452915,37,9
68,42.558884,37,10
69,42.558884,37,10
70,50.471188,37,9
71,50.471188,37,9
72,50.471188,37,9
73,50.471188,37,9
74,50.471188,37,9
75,50.471188,37,9
76,50.471188,37,9
77,50.471188,37,9
78,50.471188,37,9
79,52.91883,37,11
80,54.3818,37,9
81,55.901806,37,11
82,56.343136,37,12
83,56.343136,37,12
84,56.343136,37,12
85,59.225163,37,11
86,59.225163,37,11
87,59.225163,37,11
88,60.735443,37,12
89,60.735443,37,12
90,61.176693,37,13
91,61.176693,37,13
92,61.176693,37,13
93,61.176693,37,13
94,62.00732,37,14
95,66.756996,37,11
96,66.756996,37,11
97,66.756996,37,11
98,66.756996,37,11
99,66.756996,37,11
100,66.756996,37,11
101,66.756996,37,11
102,67.20358,37,15
103,67.20358,37,15
104,67.56621,37,14
105,67.56621,37,14
106,69.48748,38,16
107,69.48748,38,16
108,69.48748,38,16
109,69.583015,37,15
110,72.412094,37,17
111,72.412094,37,17
112,74.183876,38,16
113,74.183876,38,16
114,79.724495,38,16
115,79.724495,38,16
116,79.724495,38,16
117,79.724495,38,16
118,79.724495,38,16
119,79.724495,38,16
120,79.724495,38,16
121,79.724495,38,16
122,79.724495,38,16
123,79.724495,38,16
124,79.724495,38,16
125,79.724495,38,16
126,79.724495,38,16
127,79.724495,38,16
128,79.724495,38,16
129,79.724495,38,16
130,79.724495,38,16
131,81.88235,38,18
132,81.88235,38,18
133,81.88235,38,18
134,81.88235,38,18
135,81.88235,38,18
136,81.88235,38,18
137,82.76454,38,17
138,82.76454,38,17
139,86.67004,37,17
140,86.67004,37,17
141,87.79327,37,16
142,87.79327,37,16
143,87.79327,37,16
144,87.79327,37,16
145,87.79327,37,16
146,87.79327,37,16
147,87.79327,37,16
148,91.044624,38,16
149,91.63747,38,17
150,91.63747,38,17
151,91.63747,38,17
152,91.63747,38,17
153,91.63747,38,17
154,91.63747,38,17
155,91.63747,38,17
156,91.63747,38,17
157,91.63747,38,17
158,91.63747,38,17
159,94.38664,38,18
160,94.38664,38,18
161,94.38664,38,18
162,94.38664,38,18
163,94.38664,38,18
164,94.38664,38,18
165,94.38664,38,18
166,94.38664,38,18
167,94.38664,38,18
168,94.38664,38,18
169,94.38664,38,18
170,94.38664,38,18
171,94.38664,38,18
172,96.35147,38,17
173,96.35147,38,17
174,96.35147,38,17
175,96.35147,38,17
176,96.35147,38,17
177,96.35147,38,17
178,96.35147,38,17
179,96.35147,38,17
180,96.35147,38,17
181,96.35147,38,17
182,96.35147,38,17
183,96.35147,38,17
184,96.35147,38,17
185,102.597206,37,17
186,102.597206,37,17
187,102.597206,37,17
188,102.597206,37,17
189,102.597206,37,17
190,102.597206,37,17
191,102.597206,37,17
192,102.597206,37,17
193,102.597206,37,17
194,102.597206,37,17
195,102.597206,37,17
196,113.48818,37,26
197,113.48818,37,26
198,113.48818,37,26
199,113.48818,37,26
200,113.48818,37,26
201,113.48818,37,26
202,113.48818,37,26
203,113.48818,37,26
204,133.09212,37,26
205,133.09212,37,26
206,133.09212,37,26
207,133.09212,37,26
208,133.09212,37,26
209,133.09212,37,26
210,133.09212,37,26
211,133.09212,37,26
212,180.4194,37,27
213,180.4194,37,27
214,180.4194,37,27
215,180.4194,37,27
216,180.4194,37,27
217,180.4194,37,27
218,180.4194,37,27
219,180.4194,37,27
220,180.4194,37,27
221,180.4194,37,27
222,180.4194,37,27
223,180.4194,37,27
224,180.4194,37,27
225,180.4194,37,27
226,180.4194,37,27
227,180.4194,37,27
228,180.4194,37,27
229,180.4194,37,27
230,180.4194,37,27
231,180.4194,37,27
232,180.4194,37,27
233,180.4194,37,27
234,180.4194,37,27
235,180.4194,37,27
236,180.4194,37,27
237,180.4194,37,27
238,185.67389,37,32
239,185.67389,37,32
240,185.67389,37,32
241,185.67389,37,32
242,185.67389,37,32
243,185.67389,37,32
244,185.67389,37,32
245,185.67389,37,32
246,196.02171,38,32
247,207.2939,37,31
248,207.2939,37,31
249,207.2939,37,31
250,208.84872,37,31
251,208.84872,37,31
252,208.84872,37,31
253,208.84872,37,31
254,209.94583,38,31
255,209.94583,38,31
256,210.19034,38,32
257,210.19034,38,32
258,210.19034,38,32
259,210.19034,38,32
260,211.2569,38,30
261,211.2569,38,30
262,211.2569,38,30
263,211.2569,38,30
264,211.2569,38,30
265,211.2569,38,30
266,211.2569,38,30
267,211.2569,38,30
268,223.52017,38,31
269,223.52017,38,31
270,223.52017,38,31
271,223.52017,38,31
272,225.33543,38,30
273,225.33543,38,30
274,225.33543,38,30
275,225.33543,38,30
276,225.33543,38,30
277,225.33543,38,30
278,225.33543,38,30
279,225.33543,38,30
280,225.33543,38,30
281,225.33543,38,30
282,225.33543,38,30
283,225.33543,38,30
284,225.33543,38,30
285,225.33543,38,30
286,225.33543,38,30
287,225.33543,38,30
288,225.33543,38,30
289,225.33543,38,30
290,225.33543,38,30
291,225.33543,38,30
292,225.33543,38,30
293,225.33543,38,30
294,225.33543,38,30
295,225.33543,38,30
296,225.45659,38,31
297,225.45659,38,31
298,225.45659,38,31
299,225.45659,38,31
300,225.45659,38,31
301,225.45659,38,31
302,225.45659,38,31
303,229.64093,38,31
304,229.64093,38,31
305,229.64093,38,31
306,229.64093,38,31
307,229.64093,38,31
308,238.59691,40,36
309,238.59691,40,36
310,238.59691,40,36
311,238.59691,40,36
312,238.59691,40,36
313,238.59691,40,36
314,238.59691,40,36
315,238.59691,40,36
316,238.59691,40,36
317,238.59691,40,36
318,238.59691,40,36
319,238.59691,40,36
320,238.59691,40,36
321,238.59691,40,36
322,238.59691,40,36
323,238.59691,40,36
324,238.59691,40,36
325,238.59691,40,36
326,238.59691,40,36
327,238.59691,40,36
328,238.59691,40,36
329,238.59691,40,36
330,242.8771,38,42
331,242.8771,38,42
332,242.8771,38,42
333,242.8771,38,42
334,242.8771,38,42
335,242.8771,38,42
336,242.8771,38,42
337,242.8771,38,42
338,242.8771,38,42
339,242.8771,38,42
340,242.8771,38,42
341,242.8771,38,42
342,242.8771,38,42
343,242.8771,38,42
344,242.8771,38,42
345,242.8771,38,42
346,242.8771,38,42
347,242.8771,38,42
348,242.8771,38,42
349,242.8771,38,42
350,242.8771,38,42
351,242.8771,38,42
352,242.8771,38,42
353,242.8771,38,42
354,242.8771,38,42
355,242.8771,38,42
356,242.8771,38,42
357,242.8771,38,42
358,242.8771,38,42
359,242.8771,38,42
360,242.8771,38,42
361,242.8771,38,42
362,242.8771,38,42
363,242.8771,38,42
364,242.8771,38,42
365,252.97517,38,43
366,252.97517,38,43
367,252.97517,38,43
368,252.97517,38,43
369,252.97517,38,43
370,252.97517,38,43
371,266.75146,38,44
372,266.75146,38,44
373,266.75146,38,44
374,266.75146,38,44
375,266.75146,38,44
376,266.75146,38,44
377,266.75146,38,44
378,266.75146,38,44
379,266.75146,38,44
380,266.75146,38,44
381,266.75146,38,44
382,266.75146,38,44
383,266.75146,38,44
384,266.75146,38,44
385,266.75146,38,44
386,266.75146,38,44
387,266.75146,38,44
388,266.75146,38,44
389,266.75146,38,44
390,266.75146,38,44
391,266.75146,38,44
392,266.75146,38,44
393,266.75146,38,44
394,282.29965,38,36
395,282.29965,38,36
396,282.29965,38,36
397,282.29965,38,36
398,282.29965,38,36
399,282.29965,38,36
400,282.29965,38,36
401,282.29965,38,36
402,282.29965,38,36
403,282.29965,38,36
404,282.29965,38,36
405,282.29965,38,36
406,282.29965,38,36
407,282.29965,38,36
408,282.29965,38,36
409,282.29965,38,36
410,282.29965,38,36
411,282.29965,38,36
412,282.29965,38,36
413,282.29965,38,36
414,282.29965,38,36
415,282.29965,38,36
416,286.27594,37,34
417,289.9253,39,41
418,289.9253,39,41
419,311.37222,38,39
420,311.37222,38,39
421,311.37222,38,39
422,311.37222,38,39
423,311.37222,38,39
424,311.37222,38,39
425,311.37222,38,39
426,311.37222,38,39
427,311.37222,38,39
428,311.37222,38,39
429,311.37222,38,39
430,311.37222,38,39
431,311.37222,38,39
432,325.4243,38,37
433,325.4243,38,37
434,325.4243,38,37
435,333.2164,37,36
436,333.2164,37,36
437,333.2164,37,36
438,333.2164,37,36
439,333.2164,37,36
440,333.2164,37,36
441,333.2164,37,36
442,333.2164,37,36
443,333.2164,37,36
444,333.2164,37,36
445,333.2164,37,36
446,333.2164,37,36
447,333.2164,37,36
448,345.83417,37,35
449,345.83417,37,35
450,345.83417,37,35
451,345.83417,37,35
452,345.83417,37,35
453,345.83417,37,35
454,345.83417,37,35
455,345.83417,37,35
456,345.83417,37,35
457,345.83417,37,35
458,345.83417,37,35
459,345.83417,37,35
460,345.83417,37,35
461,345.83417,37,35
462,345.83417,37,35
463,345.83417,37,35
464,345.83417,37,35
465,345.83417,37,35
466,345.83417,37,35
467,345.83417,37,35
468,348.48914,38,38
469,348.48914,38,38
470,348.48914,38,38
471,352.81696,38,37
472,352.81696,38,37
473,352.81696,38,37
474,352.81696,38,37
475,359.49063,38,39
476,359.49063,38,39
477,359.49063,38,39
478,359.49063,38,39
479,359.49063,38,39
480,359.49063,38,39
481,359.49063,38,39
482,359.49063,38,39
483,359.49063,38,39
484,366.1966,39,40
485,366.1966,39,40
486,366.1966,39,40
487,366.1966,39,40
488,366.1966,39,40
489,376.45114,38,37
490,376.45114,38,37
491,376.45114,38,37
492,376.45114,38,37
493,376.45114,38,37
494,376.45114,38,37
495,376.45114,38,37
496,376.45114,38,37
497,377.1237,38,39
498,377.1237,38,39
499,377.1237,38,39
500,377.1237,38,39
501,377.1237,38,39
502,377.1237,38,39
503,377.1237,38,39
504,396.79178,38,40
505,396.79178,38,40
506,396.79178,38,40
507,396.79178,38,40
508,396.79178,38,40
509,396.79178,38,40
510,396.79178,38,40
511,396.79178,38,40
512,396.79178,38,40
513,396.79178,38,40
514,396.79178,38,40
515,396.79178,38,40
516,396.79178,38,40
517,396.79178,38,40
518,396.79178,38,40
519,396.79178,38,40
520,396.79178,38,40
521,396.79178,38,40
522,396.79178,38,40
523,396.79178,38,40
524,396.79178,38,40
525,396.79178,38,40
526,396.79178,38,40
527,396.79178,38,40
528,396.79178,38,40
529,396.79178,38,40
530,396.79178,38,40
531,396.79178,38,40
532,396.79178,38,40
533,396.79178,38,40
534,396.79178,38,40
535,396.79178,38,40
536,396.79178,38,40
537,396.79178,38,40
538,396.79178,38,40
539,396.79178,38,40
540,396.79178,38,40
541,396.79178,38,40
542,396.79178,38,40
543,396.79178,38,40
544,396.79178,38,40
545,396.79178,38,40
546,396.79178,38,40
547,396.79178,38,40
548,396.79178,38,40
549,396.79178,38,40
550,396.79178,38,40
551,396.79178,38,40
552,396.79178,38,40
553,396.79178,38,40
554,396.79178,38,40
555,396.79178,38,40
556,396.79178,38,40
557,404.00217,38,40
558,404.00217,38,40
559,404.00217,38,40
560,404.00217,38,40
561,404.00217,38,40
562,404.00217,38,40
563,404.00217,38,40
564,404.00217,38,40
565,404.00217,38,40
566,404.00217,38,40
567,404.00217,38,40
568,404.00217,38,40
569,404.00217,38,40
570,404.00217,38,40
571,404.00217,38,40
572,404.00217,38,40
573,404.00217,38,40
574,404.00217,38,40
575,404.00217,38,40
576,404.00217,38,40
577,404.00217,38,40
578,404.00217,38,40
579,404.00217,38,40
580,404.00217,38,40
581,404.00217,38,40
582,404.00217,38,40
583,404.00217,38,40
584,404.00217,38,40
585,404.00217,38,40
586,404.00217,38,40
587,404.00217,38,40
588,404.00217,38,40
589,404.00217,38,40
590,404.00217,38,40
591,404.00217,38,40
592,404.00217,38,40
593,404.00217,38,40
594,404.00217,38,40
595,404.00217,38,40
596,404.00217,38,40
597,404.00217,38,40
598,404.00217,38,40
599,404.00217,38,40
600,404.00217,38,40
601,404.00217,38,40
602,404.00217,38,40
603,404.00217,38,40
604,404.00217,38,40
605,404.00217,38,40
606,404.00217,38,40
607,404.00217,38,40
608,404.00217,38,40
609,404.00217,38,40
610,404.00217,38,40
611,404.00217,38,40
612,404.00217,38,40
613,404.00217,38,40
614,404.00217,38,40
615,404.00217,38,40
616,404.00217,38,40
617,404.00217,38,40
618,404.00217,38,40
619,404.00217,38,40
620,404.00217,38,40
621,404.00217,38,40
622,404.00217,38,40
623,404.00217,38,40
624,404.00217,38,40
625,404.00217,38,40
626,404.00217,38,40
627,404.00217,38,40
628,404.00217,38,40
629,404.00217,38,40
630,404.00217,38,40
631,404.00217,38,40
632,404.00217,38,40
633,404.00217,38,40
634,404.00217,38,40
635,404.00217,38,40
636,404.00217,38,40
637,404.00217,38,40
638,404.00217,38,40
639,404.00217,38,40
640,404.00217,38,40
641,404.00217,38,40
642,404.00217,38,40
643,404.00217,38,40
644,404.00217,38,40
645,404.00217,38,40
646,404.00217,38,40
647,404.00217,38,40
648,404.00217,38,40
649,404.00217,38,40
650,404.00217,38,40
651,404.00217,38,40
652,404.00217,38,40
653,404.00217,38,40
654,404.00217,38,40
655,404.00217,38,40
656,404.00217,38,40
657,404.00217,38,40
658,404.00217,38,40
659,404.00217,38,40
660,404.00217,38,40
661,404.00217,38,40
662,404.00217,38,40
663,404.00217,38,40
664,404.00217,38,40
665,404.00217,38,40
666,404.00217,38,40
667,404.00217,38,40
668,404.00217,38,40
669,404.00217,38,40
670,404.00217,38,40
671,404.00217,38,40
672,404.00217,38,40
673,404.00217,38,40
674,404.00217,38,40
675,404.00217,38,40
676,404.00217,38,40
677,404.00217,38,40
678,404.00217,38,40
679,404.00217,38,40
680,404.00217,38,40
681,404.00217,38,40
682,404.00217,38,40
683,404.00217,38,40
684,404.00217,38,40
685,404.00217,38,40
686,404.00217,38,40
687,404.00217,38,40
688,404.00217,38,40
689,404.00217,38,40
690,404.00217,38,40
691,404.00217,38,40
692,404.00217,38,40
693,404.00217,38,40
694,404.00217,38,40
695,404.00217,38,40
696,404.00217,38,40
697,404.00217,38,40
698,404.00217,38,40
699,404.00217,38,40
700,404.00217,38,40
701,404.00217,38,40
702,404.00217,38,40
703,404.00217,38,40
704,404.00217,38,40
705,404.00217,38,40
706,404.00217,38,40
707,404.00217,38,40
708,404.00217,38,40
709,404.00217,38,40
710,404.00217,38,40
711,404.00217,38,40
712,404.00217,38,40
713,404.00217,38,40
714,404.00217,38,40
715,404.00217,38,40
716,404.00217,38,40
717,404.00217,38,40
718,404.00217,38,40
719,404.00217,38,40
720,404.00217,38,40
721,404.00217,38,40
722,404.00217,38,40
723,404.00217,38,40
724,404.00217,38,40
725,404.00217,38,40
726,404.00217,38,40
727,404.00217,38,40
728,404.00217,38,40
729,404.00217,38,40
730,404.00217,38,40
731,404.00217,38,40
732,404.00217,38,40
733,404.00217,38,40
734,404.00217,38,40
735,404.00217,38,40
736,404.00217,38,40
737,404.00217,38,40
738,404.00217,38,40
739,404.00217,38,40
740,404.00217,38,40
741,404.00217,38,40
742,404.00217,38,40
743,404.00217,38,40
744,404.00217,38,40
745,404.00217,38,40
746,404.00217,38,40
747,404.00217,38,40
748,404.00217,38,40
749,404.00217,38,40
750,404.00217,38,40
751,404.00217,38,40
752,408.6705,39,51
753,408.99927,38,43
754,408.99927,38,43
